{
  "model": "esm_mlp_full_go",
  "input_dim": 640,
  "output_dim": 31454,
  "batch_size": 64,
  "num_epochs": 5,
  "best_val_loss": 0.09271590624173934,
  "best_micro": {
    "threshold": 0.5,
    "micro_f1": 0.12379250146201996,
    "macro_f1": 0.01763377069451164
  },
  "best_macro": {
    "threshold": 0.5,
    "micro_f1": 0.12379250146201996,
    "macro_f1": 0.01763377069451164
  },
  "train_losses": [
    0.11740484370916776,
    0.10123257111838517,
    0.09863336882061316,
    0.09749463000530811,
    0.09656194725473315
  ],
  "val_losses": [
    0.09979495421390641,
    0.09662134686315602,
    0.09432396839626811,
    0.0933930879204788,
    0.09271590624173934
  ]
}