{
  "model": "kmer_mlp_full_go",
  "input_dim": 400,
  "output_dim": 31454,
  "batch_size": 64,
  "num_epochs": 5,
  "best_val_loss": 0.11074688104055189,
  "best_micro": {
    "threshold": 0.5,
    "micro_f1": 0.10188075820385685,
    "macro_f1": 0.010741589302462785
  },
  "best_macro": {
    "threshold": 0.5,
    "micro_f1": 0.10188075820385685,
    "macro_f1": 0.010741589302462785
  },
  "train_losses": [
    0.13171523778094896,
    0.11694072375558427,
    0.11412969937865315,
    0.11220753695033178,
    0.11087264451639489
  ],
  "val_losses": [
    0.11702928992150356,
    0.11360030753478782,
    0.11264999184386187,
    0.11127418533318445,
    0.11074688104055189
  ]
}